Slice,ARI
151507,0.6908885165256363
151508,0.6428228031356461
151509,0.6655410868324385
151510,0.6296722471291073
