Slice,ARI
151673,0.6230382722922446
151674,0.6455686223810491
151675,0.5544184290555698
151676,0.5587107848569457
