Slice,ARI
151669,0.5242983829800446
151670,0.481801207057956
151671,0.7196354722136308
151672,0.6432305643206346
